{
  "indicators": {
    "regime": "CM2015",
    "gold_price": 1750.0,
    "discount_rate": 0.1,
    "royalty_rate": 0.054,
    "cit_rate": 0.275,
    "NPV_pre_tax": 596830757.5948507,
    "NPV_post_tax": 338709078.73742616,
    "Gov_NPV": 258121678.8574245,
    "AETR": 0.43248722619058855,
    "TEMI": 0.43248722619058855
  },
  "meta": {
    "excel": "data\\data.xlsx",
    "regime": "CM2015",
    "mine_sheet": null,
    "amort_sheet": "Amortissement",
    "params": {
      "gold_price": 1750.0,
      "discount_rate": 0.1,
      "royalty_rate": 0.054,
      "cit_rate": 0.275
    },
    "saved_at": "2025-12-23T16:51:42"
  }
}