{
  "indicators": {
    "regime": "CM2015",
    "gold_price": 1300.0,
    "discount_rate": 0.05,
    "royalty_rate": 0.072,
    "cit_rate": 0.275,
    "NPV_pre_tax": 358175360.12388295,
    "NPV_post_tax": 151185256.1102775,
    "Gov_NPV": 206990104.01360548,
    "AETR": 0.5779015729669772,
    "TEMI": 0.5779015729669771
  },
  "meta": {
    "excel": "data\\data.xlsx",
    "regime": "CM2015",
    "mine_sheet": null,
    "amort_sheet": "Amortissement",
    "params": {
      "gold_price": 1300.0,
      "discount_rate": 0.05,
      "royalty_rate": 0.072,
      "cit_rate": 0.275
    },
    "saved_at": "2025-12-23T16:50:25"
  }
}