{
  "indicators": {
    "regime": "CM2015",
    "gold_price": 1950.0,
    "discount_rate": 0.1,
    "royalty_rate": 0.054,
    "cit_rate": 0.19,
    "NPV_pre_tax": 766585496.7473958,
    "NPV_post_tax": 517810394.0250286,
    "Gov_NPV": 248775102.72236714,
    "AETR": 0.32452362297214604,
    "TEMI": 0.3245236229721461
  },
  "meta": {
    "excel": "data\\data.xlsx",
    "regime": "CM2015",
    "mine_sheet": null,
    "amort_sheet": "Amortissement",
    "params": {
      "gold_price": 1950.0,
      "discount_rate": 0.1,
      "royalty_rate": 0.054,
      "cit_rate": 0.19
    },
    "saved_at": "2025-12-23T16:52:35"
  }
}