{
  "indicators": {
    "regime": "CM2015",
    "gold_price": 1300.0,
    "discount_rate": 0.1,
    "royalty_rate": 0.054,
    "cit_rate": 0.275,
    "NPV_pre_tax": 214882594.50162417,
    "NPV_post_tax": 78123189.47370748,
    "Gov_NPV": 136759405.02791658,
    "AETR": 0.6364377968588,
    "TEMI": 0.6364377968588005
  },
  "meta": {
    "excel": "data\\data.xlsx",
    "regime": "CM2015",
    "mine_sheet": null,
    "amort_sheet": "Amortissement",
    "params": {
      "gold_price": 1300.0,
      "discount_rate": 0.1,
      "royalty_rate": 0.054,
      "cit_rate": 0.275
    },
    "saved_at": "2025-12-23T16:51:12"
  }
}