{
  "indicators": {
    "regime": "CM2003",
    "gold_price": 1550.0,
    "discount_rate": 0.05,
    "royalty_rate": 0.05,
    "cit_rate": 0.175,
    "NPV_pre_tax": 641116900.3282299,
    "NPV_post_tax": 444073122.4935509,
    "Gov_NPV": 197043777.83467895,
    "AETR": 0.30734453846685256,
    "TEMI": 0.3073445384668527
  },
  "meta": {
    "excel": "data\\data.xlsx",
    "regime": "CM2003",
    "mine_sheet": null,
    "amort_sheet": "Amortissement",
    "params": {
      "gold_price": 1550.0,
      "discount_rate": 0.05,
      "royalty_rate": 0.05,
      "cit_rate": 0.175
    },
    "saved_at": "2025-12-24T00:13:25"
  }
}