{
  "indicators": {
    "regime": "CM2015",
    "gold_price": 1950.0,
    "discount_rate": 0.1,
    "royalty_rate": 0.054,
    "cit_rate": 0.215,
    "NPV_pre_tax": 766585496.7473958,
    "NPV_post_tax": 499014585.40776825,
    "Gov_NPV": 267570911.33962756,
    "AETR": 0.34904249098753454,
    "TEMI": 0.3490424909875345
  },
  "meta": {
    "excel": "data\\data.xlsx",
    "regime": "CM2015",
    "mine_sheet": null,
    "amort_sheet": "Amortissement",
    "params": {
      "gold_price": 1950.0,
      "discount_rate": 0.1,
      "royalty_rate": 0.054,
      "cit_rate": 0.215
    },
    "saved_at": "2025-12-23T16:52:33"
  }
}