{
  "indicators": {
    "regime": "CM2015",
    "gold_price": 1950.0,
    "discount_rate": 0.1,
    "royalty_rate": 0.054,
    "cit_rate": 0.275,
    "NPV_pre_tax": 766585496.7473958,
    "NPV_post_tax": 453904644.72634333,
    "Gov_NPV": 312680852.0210525,
    "AETR": 0.4078877742244668,
    "TEMI": 0.40788777422446676
  },
  "meta": {
    "excel": "data\\data.xlsx",
    "regime": "CM2015",
    "mine_sheet": null,
    "amort_sheet": "Amortissement",
    "params": {
      "gold_price": 1950.0,
      "discount_rate": 0.1,
      "royalty_rate": 0.054,
      "cit_rate": 0.275
    },
    "saved_at": "2025-12-23T16:51:49"
  }
}