{
  "indicators": {
    "regime": "CM2003",
    "gold_price": 1600.0,
    "discount_rate": 0.1,
    "royalty_rate": 0.054,
    "cit_rate": 0.175,
    "NPV_pre_tax": 469514703.2304418,
    "NPV_post_tax": 310893625.22566104,
    "Gov_NPV": 158621078.0047808,
    "AETR": 0.3378404912847388,
    "TEMI": 0.3378404912847387
  },
  "meta": {
    "excel": "data\\data.xlsx",
    "regime": "CM2003",
    "mine_sheet": null,
    "amort_sheet": "Amortissement",
    "params": {
      "gold_price": 1600.0,
      "discount_rate": 0.1,
      "royalty_rate": 0.054,
      "cit_rate": 0.175
    },
    "saved_at": "2025-12-23T17:09:45"
  }
}