{
  "indicators": {
    "regime": "CM2015",
    "gold_price": 1900.0,
    "discount_rate": 0.1,
    "royalty_rate": 0.054,
    "cit_rate": 0.275,
    "NPV_pre_tax": 724146811.9592594,
    "NPV_post_tax": 425105753.229114,
    "Gov_NPV": 299041058.73014545,
    "AETR": 0.4129563975032311,
    "TEMI": 0.412956397503231
  },
  "meta": {
    "excel": "data\\data.xlsx",
    "regime": "CM2015",
    "mine_sheet": null,
    "amort_sheet": "Amortissement",
    "params": {
      "gold_price": 1900.0,
      "discount_rate": 0.1,
      "royalty_rate": 0.054,
      "cit_rate": 0.275
    },
    "saved_at": "2025-12-23T16:51:46"
  }
}