{
  "indicators": {
    "regime": "CM2015",
    "gold_price": 1600.0,
    "discount_rate": 0.1,
    "royalty_rate": 0.054,
    "cit_rate": 0.275,
    "NPV_pre_tax": 469514703.2304418,
    "NPV_post_tax": 252312404.24573833,
    "Gov_NPV": 217202298.98470348,
    "AETR": 0.46261021750813786,
    "TEMI": 0.4626102175081379
  },
  "meta": {
    "excel": "data\\data.xlsx",
    "regime": "CM2015",
    "mine_sheet": null,
    "amort_sheet": "Amortissement",
    "params": {
      "gold_price": 1600.0,
      "discount_rate": 0.1,
      "royalty_rate": 0.054,
      "cit_rate": 0.275
    },
    "saved_at": "2025-12-23T16:51:28"
  }
}