{
  "indicators": {
    "regime": "CM2003",
    "gold_price": 1600.0,
    "discount_rate": 0.05,
    "royalty_rate": 0.05,
    "cit_rate": 0.175,
    "NPV_pre_tax": 697705208.3690993,
    "NPV_post_tax": 488424208.92058223,
    "Gov_NPV": 209280999.44851696,
    "AETR": 0.29995619487736913,
    "TEMI": 0.29995619487736924
  },
  "meta": {
    "excel": "data\\data.xlsx",
    "regime": "CM2003",
    "mine_sheet": null,
    "amort_sheet": "Amortissement",
    "params": {
      "gold_price": 1600.0,
      "discount_rate": 0.05,
      "royalty_rate": 0.05,
      "cit_rate": 0.175
    },
    "saved_at": "2025-12-24T00:06:57"
  }
}