{
  "indicators": {
    "regime": "CM2015",
    "gold_price": 1500.0,
    "discount_rate": 0.1,
    "royalty_rate": 0.054,
    "cit_rate": 0.275,
    "NPV_pre_tax": 384637333.65416914,
    "NPV_post_tax": 194714621.2512797,
    "Gov_NPV": 189922712.40288943,
    "AETR": 0.49377087397774716,
    "TEMI": 0.4937708739777471
  },
  "meta": {
    "excel": "data\\data.xlsx",
    "regime": "CM2015",
    "mine_sheet": null,
    "amort_sheet": "Amortissement",
    "params": {
      "gold_price": 1500.0,
      "discount_rate": 0.1,
      "royalty_rate": 0.054,
      "cit_rate": 0.275
    },
    "saved_at": "2025-12-23T16:51:25"
  }
}