{
  "indicators": {
    "regime": "CM2003",
    "gold_price": 1400.0,
    "discount_rate": 0.05,
    "royalty_rate": 0.087,
    "cit_rate": 0.175,
    "NPV_pre_tax": 471351976.2056218,
    "NPV_post_tax": 262561175.86713913,
    "Gov_NPV": 208790800.3384826,
    "AETR": 0.44296154652675107,
    "TEMI": 0.44296154652675124
  },
  "meta": {
    "excel": "data\\data.xlsx",
    "regime": "CM2003",
    "mine_sheet": null,
    "amort_sheet": "Amortissement",
    "params": {
      "gold_price": 1400.0,
      "discount_rate": 0.05,
      "royalty_rate": 0.087,
      "cit_rate": 0.175
    },
    "saved_at": "2025-12-24T00:13:30"
  }
}