{
  "indicators": {
    "regime": "CM2015",
    "gold_price": 1300.0,
    "discount_rate": 0.1,
    "royalty_rate": 0.118,
    "cit_rate": 0.275,
    "NPV_pre_tax": 214882594.50162417,
    "NPV_post_tax": 26626402.75987544,
    "Gov_NPV": 188256191.7417487,
    "AETR": 0.876088601677442,
    "TEMI": 0.8760886016774421
  },
  "meta": {
    "excel": "data\\data.xlsx",
    "regime": "CM2015",
    "mine_sheet": null,
    "amort_sheet": "Amortissement",
    "params": {
      "gold_price": 1300.0,
      "discount_rate": 0.1,
      "royalty_rate": 0.118,
      "cit_rate": 0.275
    },
    "saved_at": "2025-12-23T16:51:06"
  }
}