{
  "indicators": {
    "regime": "CM2015",
    "gold_price": 1300.0,
    "discount_rate": 0.1,
    "royalty_rate": 0.072,
    "cit_rate": 0.275,
    "NPV_pre_tax": 214882594.50162417,
    "NPV_post_tax": 63639718.21044224,
    "Gov_NPV": 151242876.2911819,
    "AETR": 0.7038395857140433,
    "TEMI": 0.7038395857140434
  },
  "meta": {
    "excel": "data\\data.xlsx",
    "regime": "CM2015",
    "mine_sheet": null,
    "amort_sheet": "Amortissement",
    "params": {
      "gold_price": 1300.0,
      "discount_rate": 0.1,
      "royalty_rate": 0.072,
      "cit_rate": 0.275
    },
    "saved_at": "2025-12-23T16:51:03"
  }
}