{
  "indicators": {
    "regime": "CM2015",
    "gold_price": 1300.0,
    "discount_rate": 0.05,
    "royalty_rate": 0.059,
    "cit_rate": 0.275,
    "NPV_pre_tax": 358175360.12388295,
    "NPV_post_tax": 165088769.16070607,
    "Gov_NPV": 193086590.96317688,
    "AETR": 0.539083958473284,
    "TEMI": 0.539083958473284
  },
  "meta": {
    "excel": "data\\data.xlsx",
    "regime": "CM2015",
    "mine_sheet": null,
    "amort_sheet": "Amortissement",
    "params": {
      "gold_price": 1300.0,
      "discount_rate": 0.05,
      "royalty_rate": 0.059,
      "cit_rate": 0.275
    },
    "saved_at": "2025-12-23T16:50:22"
  }
}