{
  "indicators": {
    "regime": "CM2015",
    "gold_price": 1400.0,
    "discount_rate": 0.1,
    "royalty_rate": 0.054,
    "cit_rate": 0.275,
    "NPV_pre_tax": 299759964.0778967,
    "NPV_post_tax": 135985257.84758005,
    "Gov_NPV": 163774706.23031664,
    "AETR": 0.5463528351229637,
    "TEMI": 0.5463528351229638
  },
  "meta": {
    "excel": "data\\data.xlsx",
    "regime": "CM2015",
    "mine_sheet": null,
    "amort_sheet": "Amortissement",
    "params": {
      "gold_price": 1400.0,
      "discount_rate": 0.1,
      "royalty_rate": 0.054,
      "cit_rate": 0.275
    },
    "saved_at": "2025-12-23T16:51:19"
  }
}