{
  "indicators": {
    "regime": "CM2015",
    "gold_price": 1350.0,
    "discount_rate": 0.1,
    "royalty_rate": 0.054,
    "cit_rate": 0.275,
    "NPV_pre_tax": 257321279.28976047,
    "NPV_post_tax": 107054223.66064382,
    "Gov_NPV": 150267055.62911662,
    "AETR": 0.5839666895947077,
    "TEMI": 0.5839666895947078
  },
  "meta": {
    "excel": "data\\data.xlsx",
    "regime": "CM2015",
    "mine_sheet": null,
    "amort_sheet": "Amortissement",
    "params": {
      "gold_price": 1350.0,
      "discount_rate": 0.1,
      "royalty_rate": 0.054,
      "cit_rate": 0.275
    },
    "saved_at": "2025-12-23T16:51:17"
  }
}