{
  "indicators": {
    "regime": "CM2015",
    "gold_price": 1700.0,
    "discount_rate": 0.1,
    "royalty_rate": 0.054,
    "cit_rate": 0.275,
    "NPV_pre_tax": 554392072.8067144,
    "NPV_post_tax": 309910187.24019694,
    "Gov_NPV": 244481885.56651747,
    "AETR": 0.4409909476677432,
    "TEMI": 0.44099094766774316
  },
  "meta": {
    "excel": "data\\data.xlsx",
    "regime": "CM2015",
    "mine_sheet": null,
    "amort_sheet": "Amortissement",
    "params": {
      "gold_price": 1700.0,
      "discount_rate": 0.1,
      "royalty_rate": 0.054,
      "cit_rate": 0.275
    },
    "saved_at": "2025-12-23T16:51:40"
  }
}