{
  "indicators": {
    "regime": "CM2015",
    "gold_price": 1550.0,
    "discount_rate": 0.1,
    "royalty_rate": 0.054,
    "cit_rate": 0.275,
    "NPV_pre_tax": 427076018.44230545,
    "NPV_post_tax": 223513512.74850902,
    "Gov_NPV": 203562505.6937965,
    "AETR": 0.47664232338837387,
    "TEMI": 0.47664232338837376
  },
  "meta": {
    "excel": "data\\data.xlsx",
    "regime": "CM2015",
    "mine_sheet": null,
    "amort_sheet": "Amortissement",
    "params": {
      "gold_price": 1550.0,
      "discount_rate": 0.1,
      "royalty_rate": 0.054,
      "cit_rate": 0.275
    },
    "saved_at": "2025-12-23T16:51:27"
  }
}