{
  "indicators": {
    "regime": "CM2015",
    "gold_price": 1450.0,
    "discount_rate": 0.1,
    "royalty_rate": 0.054,
    "cit_rate": 0.275,
    "NPV_pre_tax": 342198648.86603296,
    "NPV_post_tax": 165915729.7540505,
    "Gov_NPV": 176282919.1119825,
    "AETR": 0.5151479110047431,
    "TEMI": 0.515147911004743
  },
  "meta": {
    "excel": "data\\data.xlsx",
    "regime": "CM2015",
    "mine_sheet": null,
    "amort_sheet": "Amortissement",
    "params": {
      "gold_price": 1450.0,
      "discount_rate": 0.1,
      "royalty_rate": 0.054,
      "cit_rate": 0.275
    },
    "saved_at": "2025-12-23T16:51:21"
  }
}